加藤,亮1,03-1111-1111,03-1111-1111,111-1111,東京都東京区東京1-1-1,rook@00.iij4u.or.jp
加藤,亮2,03-2222-2222,03-2222-2222,222-2222,東京都東京区東京2-2-2,rook@11.iij4u.or.jp
加藤,亮3,03-3333-3333,03-3333-3333,333-3333,東京都東京区東京3-3-3,rook@22.iij4u.or.jp
加藤,亮4,03-4444-4444,03-4444-4444,444-4444,東京都東京区東京4-4-4,rook@33.iij4u.or.jp
加藤,亮5,03-5555-5555,03-5555-5555,555-5555,東京都東京区東京5-5-5,rook@44.iij4u.or.jp
加藤,亮6,03-6666-6666,03-6666-6666,666-6666,東京都東京区東京6-6-6,rook@55.iij4u.or.jp
加藤,亮7,03-7777-7777,03-7777-7777,777-7777,東京都東京区東京7-7-7,rook@66.iij4u.or.jp
加藤,亮8,03-8888-8888,03-8888-8888,888-8888,東京都東京区東京8-8-8,rook@77.iij4u.or.jp
加藤,亮9,03-9999-9999,03-9999-9999,999-9999,東京都東京区東京9-9-9,rook@88.iij4u.or.jp
加藤,亮0,03-0000-0000,03-0000-0000,000-0000,東京都東京区東京0-0-0,rook@99.iij4u.or.jp
加藤,亮a,03-aaaa-aaaa,03-aaaa-aaaa,aaa-aaaa,東京都東京区東京a-a-a,rook@aa.iij4u.or.jp
加藤,亮b,03-bbbb-bbbb,03-bbbb-bbbb,bbb-bbbb,東京都東京区東京b-b-b,rook@bb.iij4u.or.jp
加藤,亮c,03-cccc-cccc,03-cccc-cccc,ccc-cccc,東京都東京区東京c-c-c,rook@cc.iij4u.or.jp
加藤,亮d,03-dddd-dddd,03-dddd-dddd,ddd-dddd,東京都東京区東京d-d-d,rook@dd.iij4u.or.jp
加藤,亮e,03-eeee-eeee,03-eeee-eeee,eee-eeee,東京都東京区東京e-e-e,rook@ee.iij4u.or.jp
加藤,亮f,03-ffff-ffff,03-ffff-ffff,fff-ffff,東京都東京区東京f-f-f,rook@ff.iij4u.or.jp
加藤,亮g,03-gggg-gggg,03-gggg-gggg,ggg-gggg,東京都東京区東京g-g-g,rook@gg.iij4u.or.jp
加藤,亮h,03-hhhh-hhhh,03-hhhh-hhhh,hhh-hhhh,東京都東京区東京h-h-h,rook@hh.iij4u.or.jp
加藤,亮i,03-iiii-iiii,03-iiii-iiii,iii-iiii,東京都東京区東京i-i-i,rook@ii.iij4u.or.jp
加藤,亮j,03-jjjj-jjjj,03-jjjj-jjjj,jjj-jjjj,東京都東京区東京j-j-j,rook@jj.iij4u.or.jp
加藤,亮k,03-kkkk-kkkk,03-kkkk-kkkk,kkk-kkkk,東京都東京区東京k-k-k,rook@kk.iij4u.or.jp
加藤,亮l,03-llll-llll,03-llll-llll,lll-llll,東京都東京区東京l-l-l,rook@ll.iij4u.or.jp
加藤,亮m,03-mmmm-mmmm,03-mmmm-mmmm,mmm-mmmm,東京都東京区東京m-m-m,rook@mm.iij4u.or.jp
加藤,亮n,03-nnnn-nnnn,03-nnnn-nnnn,nnn-nnnn,東京都東京区東京n-n-n,rook@nn.iij4u.or.jp
加藤,亮o,03-oooo-oooo,03-oooo-oooo,ooo-oooo,東京都東京区東京o-o-o,rook@oo.iij4u.or.jp
加藤,亮p,03-pppp-pppp,03-pppp-pppp,ppp-pppp,東京都東京区東京p-p-p,rook@pp.iij4u.or.jp
加藤,亮q,03-qqqq-qqqq,03-qqqq-qqqq,qqq-qqqq,東京都東京区東京q-q-q,rook@qq.iij4u.or.jp
加藤,亮r,03-rrrr-rrrr,03-rrrr-rrrr,rrr-rrrr,東京都東京区東京r-r-r,rook@rr.iij4u.or.jp
加藤,亮s,03-ssss-ssss,03-ssss-ssss,sss-ssss,東京都東京区東京s-s-s,rook@ss.iij4u.or.jp
加藤,亮t,03-tttt-tttt,03-tttt-tttt,ttt-tttt,東京都東京区東京t-t-t,rook@tt.iij4u.or.jp
加藤,亮u,03-uuuu-uuuu,03-uuuu-uuuu,uuu-uuuu,東京都東京区東京u-u-u,rook@uu.iij4u.or.jp
加藤,亮v,03-vvvv-vvvv,03-vvvv-vvvv,vvv-vvvv,東京都東京区東京v-v-v,rook@vv.iij4u.or.jp
加藤,亮w,03-wwww-wwww,03-wwww-wwww,www-wwww,東京都東京区東京w-w-w,rook@ww.iij4u.or.jp
加藤,亮x,03-xxxx-xxxx,03-xxxx-xxxx,xxx-xxxx,東京都東京区東京x-x-x,rook@xx.iij4u.or.jp
加藤,亮y,03-yyyy-yyyy,03-yyyy-yyyy,yyy-yyyy,東京都東京区東京y-y-y,rook@yy.iij4u.or.jp
加藤,亮z,03-zzzz-zzzz,03-zzzz-zzzz,zzz-zzzz,東京都東京区東京z-z-z,rook@zz.iij4u.or.jp
